PRAGMA foreign_keys=OFF;
BEGIN TRANSACTION;
CREATE TABLE IF NOT EXISTS "django_migrations" ("id" integer NOT NULL PRIMARY KEY AUTOINCREMENT, "app" varchar(255) NOT NULL, "name" varchar(255) NOT NULL, "applied" datetime NOT NULL);
INSERT INTO django_migrations VALUES(1,'contenttypes','0001_initial','2023-05-11 15:06:06.865742');
INSERT INTO django_migrations VALUES(2,'auth','0001_initial','2023-05-11 15:06:06.902723');
INSERT INTO django_migrations VALUES(3,'admin','0001_initial','2023-05-11 15:06:06.926433');
INSERT INTO django_migrations VALUES(4,'admin','0002_logentry_remove_auto_add','2023-05-11 15:06:06.952615');
INSERT INTO django_migrations VALUES(5,'admin','0003_logentry_add_action_flag_choices','2023-05-11 15:06:06.973289');
INSERT INTO django_migrations VALUES(6,'contenttypes','0002_remove_content_type_name','2023-05-11 15:06:07.009587');
INSERT INTO django_migrations VALUES(7,'auth','0002_alter_permission_name_max_length','2023-05-11 15:06:07.032867');
INSERT INTO django_migrations VALUES(8,'auth','0003_alter_user_email_max_length','2023-05-11 15:06:07.056374');
INSERT INTO django_migrations VALUES(9,'auth','0004_alter_user_username_opts','2023-05-11 15:06:07.074746');
INSERT INTO django_migrations VALUES(10,'auth','0005_alter_user_last_login_null','2023-05-11 15:06:07.097711');
INSERT INTO django_migrations VALUES(11,'auth','0006_require_contenttypes_0002','2023-05-11 15:06:07.105323');
INSERT INTO django_migrations VALUES(12,'auth','0007_alter_validators_add_error_messages','2023-05-11 15:06:07.124651');
INSERT INTO django_migrations VALUES(13,'auth','0008_alter_user_username_max_length','2023-05-11 15:06:07.147616');
INSERT INTO django_migrations VALUES(14,'auth','0009_alter_user_last_name_max_length','2023-05-11 15:06:07.171035');
INSERT INTO django_migrations VALUES(15,'auth','0010_alter_group_name_max_length','2023-05-11 15:06:07.192413');
INSERT INTO django_migrations VALUES(16,'auth','0011_update_proxy_permissions','2023-05-11 15:06:07.210666');
INSERT INTO django_migrations VALUES(17,'auth','0012_alter_user_first_name_max_length','2023-05-11 15:06:07.231939');
INSERT INTO django_migrations VALUES(18,'authtoken','0001_initial','2023-05-11 15:06:07.256051');
INSERT INTO django_migrations VALUES(19,'authtoken','0002_auto_20160226_1747','2023-05-11 15:06:07.309875');
INSERT INTO django_migrations VALUES(20,'authtoken','0003_tokenproxy','2023-05-11 15:06:07.318318');
INSERT INTO django_migrations VALUES(29,'sessions','0001_initial','2023-05-11 15:06:07.768682');
INSERT INTO django_migrations VALUES(32,'users','0001_initial','2023-05-11 15:12:11.926089');
INSERT INTO django_migrations VALUES(33,'users','0002_alter_platoon_year_alter_studentprofile_group_number_and_more','2023-05-11 15:12:12.010511');
INSERT INTO django_migrations VALUES(40,'timetable','0001_initial','2023-05-11 15:13:38.363013');
INSERT INTO django_migrations VALUES(41,'timetable','0002_initial','2023-05-11 15:13:38.470478');
INSERT INTO django_migrations VALUES(42,'timetable','0003_alter_subject_teacher','2023-05-11 15:13:38.512292');
INSERT INTO django_migrations VALUES(43,'marks','0001_initial','2023-05-11 15:13:50.763569');
INSERT INTO django_migrations VALUES(44,'marks','0002_initial','2023-05-11 15:13:50.849828');
INSERT INTO django_migrations VALUES(45,'marks','0003_alter_journalceil_student','2023-05-11 15:13:50.891523');
INSERT INTO django_migrations VALUES(46,'marks','0004_alter_journalceil_student','2023-05-11 15:13:50.933957');
INSERT INTO django_migrations VALUES(47,'marks','0005_alter_journalceil_student','2023-05-11 15:13:50.978427');
INSERT INTO django_migrations VALUES(48,'users','0003_remove_customuser_groups_and_more','2023-05-11 15:21:05.901932');
INSERT INTO django_migrations VALUES(52,'timetable','0004_coursedirection_directionssubjects','2023-05-11 16:43:24.878925');
INSERT INTO django_migrations VALUES(56,'users','0004_alter_platoon_tutor','2023-05-13 06:59:07.338334');
INSERT INTO django_migrations VALUES(57,'users','0005_alter_studentprofile_table_and_more','2023-05-13 06:59:07.423705');
INSERT INTO django_migrations VALUES(58,'users','0006_studentprofile_military_post_and_more','2023-05-13 06:59:07.521806');
INSERT INTO django_migrations VALUES(59,'users','0007_coursedirection_platoon_course','2023-05-13 06:59:07.690178');
INSERT INTO django_migrations VALUES(60,'users','0008_studentprofile_name_studentprofile_surname_and_more','2023-05-13 06:59:07.781366');
INSERT INTO django_migrations VALUES(61,'users','0009_platoon_study_day','2023-05-14 07:03:17.755529');
CREATE TABLE IF NOT EXISTS "auth_group_permissions" ("id" integer NOT NULL PRIMARY KEY AUTOINCREMENT, "group_id" integer NOT NULL REFERENCES "auth_group" ("id") DEFERRABLE INITIALLY DEFERRED, "permission_id" integer NOT NULL REFERENCES "auth_permission" ("id") DEFERRABLE INITIALLY DEFERRED);
CREATE TABLE IF NOT EXISTS "auth_user_groups" ("id" integer NOT NULL PRIMARY KEY AUTOINCREMENT, "user_id" integer NOT NULL REFERENCES "auth_user" ("id") DEFERRABLE INITIALLY DEFERRED, "group_id" integer NOT NULL REFERENCES "auth_group" ("id") DEFERRABLE INITIALLY DEFERRED);
CREATE TABLE IF NOT EXISTS "auth_user_user_permissions" ("id" integer NOT NULL PRIMARY KEY AUTOINCREMENT, "user_id" integer NOT NULL REFERENCES "auth_user" ("id") DEFERRABLE INITIALLY DEFERRED, "permission_id" integer NOT NULL REFERENCES "auth_permission" ("id") DEFERRABLE INITIALLY DEFERRED);
CREATE TABLE IF NOT EXISTS "django_admin_log" ("id" integer NOT NULL PRIMARY KEY AUTOINCREMENT, "object_id" text NULL, "object_repr" varchar(200) NOT NULL, "action_flag" smallint unsigned NOT NULL CHECK ("action_flag" >= 0), "change_message" text NOT NULL, "content_type_id" integer NULL REFERENCES "django_content_type" ("id") DEFERRABLE INITIALLY DEFERRED, "user_id" integer NOT NULL REFERENCES "auth_user" ("id") DEFERRABLE INITIALLY DEFERRED, "action_time" datetime NOT NULL);
CREATE TABLE IF NOT EXISTS "django_content_type" ("id" integer NOT NULL PRIMARY KEY AUTOINCREMENT, "app_label" varchar(100) NOT NULL, "model" varchar(100) NOT NULL);
INSERT INTO django_content_type VALUES(1,'admin','logentry');
INSERT INTO django_content_type VALUES(2,'auth','permission');
INSERT INTO django_content_type VALUES(3,'auth','group');
INSERT INTO django_content_type VALUES(4,'auth','user');
INSERT INTO django_content_type VALUES(5,'contenttypes','contenttype');
INSERT INTO django_content_type VALUES(6,'sessions','session');
INSERT INTO django_content_type VALUES(7,'authtoken','token');
INSERT INTO django_content_type VALUES(8,'authtoken','tokenproxy');
INSERT INTO django_content_type VALUES(9,'timetable','subject');
INSERT INTO django_content_type VALUES(10,'timetable','subjectclass');
INSERT INTO django_content_type VALUES(11,'marks','journalceil');
INSERT INTO django_content_type VALUES(12,'users','customuser');
INSERT INTO django_content_type VALUES(13,'users','platoon');
INSERT INTO django_content_type VALUES(14,'users','teacherprofile');
INSERT INTO django_content_type VALUES(15,'users','studentprofile');
INSERT INTO django_content_type VALUES(16,'users','student');
INSERT INTO django_content_type VALUES(17,'users','teacher');
INSERT INTO django_content_type VALUES(18,'timetable','coursedirection');
INSERT INTO django_content_type VALUES(19,'timetable','directionssubjects');
INSERT INTO django_content_type VALUES(20,'users','coursedirection');
CREATE TABLE IF NOT EXISTS "auth_permission" ("id" integer NOT NULL PRIMARY KEY AUTOINCREMENT, "content_type_id" integer NOT NULL REFERENCES "django_content_type" ("id") DEFERRABLE INITIALLY DEFERRED, "codename" varchar(100) NOT NULL, "name" varchar(255) NOT NULL);
INSERT INTO auth_permission VALUES(1,1,'add_logentry','Can add log entry');
INSERT INTO auth_permission VALUES(2,1,'change_logentry','Can change log entry');
INSERT INTO auth_permission VALUES(3,1,'delete_logentry','Can delete log entry');
INSERT INTO auth_permission VALUES(4,1,'view_logentry','Can view log entry');
INSERT INTO auth_permission VALUES(5,2,'add_permission','Can add permission');
INSERT INTO auth_permission VALUES(6,2,'change_permission','Can change permission');
INSERT INTO auth_permission VALUES(7,2,'delete_permission','Can delete permission');
INSERT INTO auth_permission VALUES(8,2,'view_permission','Can view permission');
INSERT INTO auth_permission VALUES(9,3,'add_group','Can add group');
INSERT INTO auth_permission VALUES(10,3,'change_group','Can change group');
INSERT INTO auth_permission VALUES(11,3,'delete_group','Can delete group');
INSERT INTO auth_permission VALUES(12,3,'view_group','Can view group');
INSERT INTO auth_permission VALUES(13,4,'add_user','Can add user');
INSERT INTO auth_permission VALUES(14,4,'change_user','Can change user');
INSERT INTO auth_permission VALUES(15,4,'delete_user','Can delete user');
INSERT INTO auth_permission VALUES(16,4,'view_user','Can view user');
INSERT INTO auth_permission VALUES(17,5,'add_contenttype','Can add content type');
INSERT INTO auth_permission VALUES(18,5,'change_contenttype','Can change content type');
INSERT INTO auth_permission VALUES(19,5,'delete_contenttype','Can delete content type');
INSERT INTO auth_permission VALUES(20,5,'view_contenttype','Can view content type');
INSERT INTO auth_permission VALUES(21,6,'add_session','Can add session');
INSERT INTO auth_permission VALUES(22,6,'change_session','Can change session');
INSERT INTO auth_permission VALUES(23,6,'delete_session','Can delete session');
INSERT INTO auth_permission VALUES(24,6,'view_session','Can view session');
INSERT INTO auth_permission VALUES(25,7,'add_token','Can add Token');
INSERT INTO auth_permission VALUES(26,7,'change_token','Can change Token');
INSERT INTO auth_permission VALUES(27,7,'delete_token','Can delete Token');
INSERT INTO auth_permission VALUES(28,7,'view_token','Can view Token');
INSERT INTO auth_permission VALUES(29,8,'add_tokenproxy','Can add token');
INSERT INTO auth_permission VALUES(30,8,'change_tokenproxy','Can change token');
INSERT INTO auth_permission VALUES(31,8,'delete_tokenproxy','Can delete token');
INSERT INTO auth_permission VALUES(32,8,'view_tokenproxy','Can view token');
INSERT INTO auth_permission VALUES(33,9,'add_subject','Can add subject');
INSERT INTO auth_permission VALUES(34,9,'change_subject','Can change subject');
INSERT INTO auth_permission VALUES(35,9,'delete_subject','Can delete subject');
INSERT INTO auth_permission VALUES(36,9,'view_subject','Can view subject');
INSERT INTO auth_permission VALUES(37,10,'add_subjectclass','Can add subject class');
INSERT INTO auth_permission VALUES(38,10,'change_subjectclass','Can change subject class');
INSERT INTO auth_permission VALUES(39,10,'delete_subjectclass','Can delete subject class');
INSERT INTO auth_permission VALUES(40,10,'view_subjectclass','Can view subject class');
INSERT INTO auth_permission VALUES(41,11,'add_journalceil','Can add journal ceil');
INSERT INTO auth_permission VALUES(42,11,'change_journalceil','Can change journal ceil');
INSERT INTO auth_permission VALUES(43,11,'delete_journalceil','Can delete journal ceil');
INSERT INTO auth_permission VALUES(44,11,'view_journalceil','Can view journal ceil');
INSERT INTO auth_permission VALUES(45,12,'add_customuser','Can add user');
INSERT INTO auth_permission VALUES(46,12,'change_customuser','Can change user');
INSERT INTO auth_permission VALUES(47,12,'delete_customuser','Can delete user');
INSERT INTO auth_permission VALUES(48,12,'view_customuser','Can view user');
INSERT INTO auth_permission VALUES(49,13,'add_platoon','Can add platoon');
INSERT INTO auth_permission VALUES(50,13,'change_platoon','Can change platoon');
INSERT INTO auth_permission VALUES(51,13,'delete_platoon','Can delete platoon');
INSERT INTO auth_permission VALUES(52,13,'view_platoon','Can view platoon');
INSERT INTO auth_permission VALUES(53,14,'add_teacherprofile','Can add teacher profile');
INSERT INTO auth_permission VALUES(54,14,'change_teacherprofile','Can change teacher profile');
INSERT INTO auth_permission VALUES(55,14,'delete_teacherprofile','Can delete teacher profile');
INSERT INTO auth_permission VALUES(56,14,'view_teacherprofile','Can view teacher profile');
INSERT INTO auth_permission VALUES(57,15,'add_studentprofile','Can add student profile');
INSERT INTO auth_permission VALUES(58,15,'change_studentprofile','Can change student profile');
INSERT INTO auth_permission VALUES(59,15,'delete_studentprofile','Can delete student profile');
INSERT INTO auth_permission VALUES(60,15,'view_studentprofile','Can view student profile');
INSERT INTO auth_permission VALUES(61,16,'add_student','Can add student');
INSERT INTO auth_permission VALUES(62,16,'change_student','Can change student');
INSERT INTO auth_permission VALUES(63,16,'delete_student','Can delete student');
INSERT INTO auth_permission VALUES(64,16,'view_student','Can view student');
INSERT INTO auth_permission VALUES(65,17,'add_teacher','Can add teacher');
INSERT INTO auth_permission VALUES(66,17,'change_teacher','Can change teacher');
INSERT INTO auth_permission VALUES(67,17,'delete_teacher','Can delete teacher');
INSERT INTO auth_permission VALUES(68,17,'view_teacher','Can view teacher');
INSERT INTO auth_permission VALUES(69,18,'add_coursedirection','Can add course direction');
INSERT INTO auth_permission VALUES(70,18,'change_coursedirection','Can change course direction');
INSERT INTO auth_permission VALUES(71,18,'delete_coursedirection','Can delete course direction');
INSERT INTO auth_permission VALUES(72,18,'view_coursedirection','Can view course direction');
INSERT INTO auth_permission VALUES(73,19,'add_directionssubjects','Can add directions subjects');
INSERT INTO auth_permission VALUES(74,19,'change_directionssubjects','Can change directions subjects');
INSERT INTO auth_permission VALUES(75,19,'delete_directionssubjects','Can delete directions subjects');
INSERT INTO auth_permission VALUES(76,19,'view_directionssubjects','Can view directions subjects');
INSERT INTO auth_permission VALUES(77,20,'add_coursedirection','Can add course direction');
INSERT INTO auth_permission VALUES(78,20,'change_coursedirection','Can change course direction');
INSERT INTO auth_permission VALUES(79,20,'delete_coursedirection','Can delete course direction');
INSERT INTO auth_permission VALUES(80,20,'view_coursedirection','Can view course direction');
CREATE TABLE IF NOT EXISTS "auth_group" ("id" integer NOT NULL PRIMARY KEY AUTOINCREMENT, "name" varchar(150) NOT NULL UNIQUE);
CREATE TABLE IF NOT EXISTS "auth_user" ("id" integer NOT NULL PRIMARY KEY AUTOINCREMENT, "password" varchar(128) NOT NULL, "last_login" datetime NULL, "is_superuser" bool NOT NULL, "username" varchar(150) NOT NULL UNIQUE, "last_name" varchar(150) NOT NULL, "email" varchar(254) NOT NULL, "is_staff" bool NOT NULL, "is_active" bool NOT NULL, "date_joined" datetime NOT NULL, "first_name" varchar(150) NOT NULL);
INSERT INTO auth_user VALUES(1,'pbkdf2_sha256$390000$Y8w7C0jSiEwOnykrMeUGB1$RepWCJNShibpSgi0CYVDW6x0vy0DuyuxANXNYQ2rNeU=','2023-05-14 08:57:21.818146',0,'ivanov_a_a','','ivanov_a_a@example.com',0,1,'2023-05-13 06:26:32.500514','');
INSERT INTO auth_user VALUES(2,'pbkdf2_sha256$390000$7ReTgjyE9Ui149hdSnOlBn$hTqjtio1e3PW6YXBxb33oIQZxsZrixnGSrImBjXPoh4=','2023-05-14 07:56:41.406444',0,'mamonov_d_v','','user@example.com',0,1,'2023-05-13 07:05:24.659956','');
INSERT INTO auth_user VALUES(3,'pbkdf2_sha256$390000$sRlTugnk31AbccJ33oJS4H$TyNpDghknIxViUYoAkBXy5cW14voCXx1SVKdtHx/RtQ=',NULL,0,'borisov_p_s','','user@example.com',0,1,'2023-05-13 07:05:49.183156','');
INSERT INTO auth_user VALUES(4,'pbkdf2_sha256$390000$dcQBoHaBfBSahVsgINlnPE$BGnToWzqMusYme+8jUIa5nD/m4bnhKb8hyFdY6CWJig=',NULL,0,'maslov_s_v','','user@example.com',0,1,'2023-05-13 07:06:07.980679','');
INSERT INTO auth_user VALUES(5,'pbkdf2_sha256$390000$SXkJqYaoBw1T4adorlq6HT$KJ5UNEq0f51Joz7OqC2GcNMqFw2jqDIwdIo/4MZhHX8=',NULL,0,'durov_n_g','','user@example.com',0,1,'2023-05-13 07:07:22.594473','');
INSERT INTO auth_user VALUES(6,'pbkdf2_sha256$390000$vwDLtQBeZzPEvrAhirVwJI$6gfyE6muUPSTtBt+mYPyQMhNsH3PzItDnlmkfvY57so=','2023-05-14 00:47:33.290907',0,'shaposhnikov_v_p','','user@example.com',0,1,'2023-05-14 00:40:51.344942','');
INSERT INTO auth_user VALUES(7,'pbkdf2_sha256$390000$vUudfCCSzSoQZETgGYGOAB$ac2Hr0w7YnTPZ/x0yBRKU7dPM8Yrv+FT+FMwc/qJlHs=','2023-05-14 09:14:14.885140',0,'sazonov_i_d','','user@example.com',0,1,'2023-05-14 09:12:10.909279','');
CREATE TABLE IF NOT EXISTS "authtoken_token" ("key" varchar(40) NOT NULL PRIMARY KEY, "created" datetime NOT NULL, "user_id" integer NOT NULL UNIQUE REFERENCES "auth_user" ("id") DEFERRABLE INITIALLY DEFERRED);
INSERT INTO authtoken_token VALUES('564b3ff4e8f8a9dca7e604e5f7b947aa3301e5e0','2023-05-14 00:47:33.186991',6);
INSERT INTO authtoken_token VALUES('e70f3e45df618c69ee7cc681e75eaeb26fde0c72','2023-05-14 07:24:33.753271',2);
CREATE TABLE IF NOT EXISTS "django_session" ("session_key" varchar(40) NOT NULL PRIMARY KEY, "session_data" text NOT NULL, "expire_date" datetime NOT NULL);
CREATE TABLE IF NOT EXISTS "students" ("id" integer NOT NULL PRIMARY KEY AUTOINCREMENT, "department" varchar(255) NOT NULL, "active" varchar(30) NOT NULL, "platoon_id" integer NOT NULL REFERENCES "platoons" ("platoon_number") DEFERRABLE INITIALLY DEFERRED, "user_id" integer NOT NULL UNIQUE REFERENCES "auth_user" ("id") DEFERRABLE INITIALLY DEFERRED, "group_number" integer NULL, "military_post" varchar(255) NULL, "patronymic" varchar(40) NULL, "name" varchar(50) NULL, "surname" varchar(50) NULL);
INSERT INTO students VALUES(1,'ФКН','study',451,2,5,'студент','Владимирович','Дмитрий','Мамонов');
INSERT INTO students VALUES(2,'ФКН','study',451,3,5,'студент','Сергеевич','Павел','Борисов');
INSERT INTO students VALUES(3,'ФКН','study',451,4,5,'студент','Вячеславович','Сергей','Маслов');
INSERT INTO students VALUES(4,'ФКН','study',451,5,5,'командир взвода','Григорьевич','Николай','Дуров');
INSERT INTO students VALUES(5,'ФКН','study',451,7,3,'студент','Дмитриевич','Илья','Сазонов');
CREATE TABLE IF NOT EXISTS "teachers" ("id" integer NOT NULL PRIMARY KEY AUTOINCREMENT, "military_rank" varchar(20) NOT NULL, "cycle" varchar(255) NOT NULL, "status" varchar(30) NOT NULL, "user_id" integer NOT NULL UNIQUE REFERENCES "auth_user" ("id") DEFERRABLE INITIALLY DEFERRED, "teacher_role" integer NULL, "military_post" varchar(255) NULL, "patronymic" varchar(40) NULL, "name" varchar(50) NULL, "surname" varchar(50) NULL);
INSERT INTO teachers VALUES(1,'капитан','цикл информационных систем','работает',1,1,'преподаватель','Андреевич','Алексей','Иванов');
INSERT INTO teachers VALUES(2,'подполковник','цикл информационных систем','работает',6,1,'старший преподаватель','Петрович','Валерий','Шапошников');
CREATE TABLE IF NOT EXISTS "subject_classes" ("id" integer NOT NULL PRIMARY KEY AUTOINCREMENT, "class_date" datetime NOT NULL, "theme_number" integer NOT NULL, "theme_name" varchar(255) NOT NULL, "class_number" integer NOT NULL, "class_name" varchar(255) NOT NULL, "class_type" varchar(30) NOT NULL, "classroom" integer NOT NULL, "platoon_id" integer NOT NULL REFERENCES "platoons" ("platoon_number") DEFERRABLE INITIALLY DEFERRED, "subject_id" bigint NOT NULL REFERENCES "subjects" ("id") DEFERRABLE INITIALLY DEFERRED);
INSERT INTO subject_classes VALUES(1,'2023-05-01 07:35:00',1,'Введение в информатику',1,'Основы информатики','лекция',304,451,4);
INSERT INTO subject_classes VALUES(2,'2023-05-01 07:33:00',1,'Введение в информатику',2,'Основы информатики','лекция',304,451,3);
INSERT INTO subject_classes VALUES(3,'2023-05-01 07:32:00',1,'Введение в программирование',1,'Основы программирования','лекция',304,451,4);
INSERT INTO subject_classes VALUES(5,'2023-05-08 09:45:00',2,'Системы счисления',2,'Двоичная система','лекция',304,451,3);
CREATE TABLE IF NOT EXISTS "subjects" ("id" integer NOT NULL PRIMARY KEY AUTOINCREMENT, "name" varchar(100) NOT NULL, "hours_count" integer NOT NULL, "form" varchar(15) NOT NULL, "teacher_id" bigint NOT NULL REFERENCES "teachers" ("id") DEFERRABLE INITIALLY DEFERRED);
INSERT INTO subjects VALUES(3,'Информатика',30,'экзамен',1);
INSERT INTO subjects VALUES(4,'Программирование',20,'зачет',1);
CREATE TABLE IF NOT EXISTS "journal_ceils" ("id" integer NOT NULL PRIMARY KEY AUTOINCREMENT, "mark" integer NOT NULL, "attendance" varchar(10) NOT NULL, "subject_class_id" bigint NOT NULL REFERENCES "subject_classes" ("id") DEFERRABLE INITIALLY DEFERRED, "student_id" bigint NOT NULL REFERENCES "students" ("id") DEFERRABLE INITIALLY DEFERRED);
CREATE TABLE IF NOT EXISTS "directions_subjects" ("id" integer NOT NULL PRIMARY KEY AUTOINCREMENT, "course_direction_id" bigint NOT NULL REFERENCES "course_directions" ("id") DEFERRABLE INITIALLY DEFERRED, "subject_id" bigint NOT NULL REFERENCES "subjects" ("id") DEFERRABLE INITIALLY DEFERRED);
INSERT INTO directions_subjects VALUES(1,1,3);
INSERT INTO directions_subjects VALUES(2,1,4);
CREATE TABLE IF NOT EXISTS "course_directions" ("id" integer NOT NULL PRIMARY KEY AUTOINCREMENT, "course" integer NOT NULL, "direction" varchar(255) NOT NULL);
INSERT INTO course_directions VALUES(1,1,'Информационные системы и технологии');
CREATE TABLE IF NOT EXISTS "platoons" ("platoon_number" integer NOT NULL PRIMARY KEY, "year" integer NULL, "status" varchar(15) NOT NULL, "tutor_id" bigint NOT NULL UNIQUE REFERENCES "teachers" ("id") DEFERRABLE INITIALLY DEFERRED, "course_id" bigint NULL REFERENCES "course_directions" ("id") DEFERRABLE INITIALLY DEFERRED, "study_day" integer NOT NULL);
INSERT INTO platoons VALUES(451,2021,'учится',1,1,0);
DELETE FROM sqlite_sequence;
INSERT INTO sqlite_sequence VALUES('django_migrations',61);
INSERT INTO sqlite_sequence VALUES('django_admin_log',0);
INSERT INTO sqlite_sequence VALUES('django_content_type',20);
INSERT INTO sqlite_sequence VALUES('auth_permission',80);
INSERT INTO sqlite_sequence VALUES('auth_group',0);
INSERT INTO sqlite_sequence VALUES('auth_user',7);
INSERT INTO sqlite_sequence VALUES('students',5);
INSERT INTO sqlite_sequence VALUES('teachers',2);
INSERT INTO sqlite_sequence VALUES('subject_classes',5);
INSERT INTO sqlite_sequence VALUES('subjects',5);
INSERT INTO sqlite_sequence VALUES('journal_ceils',0);
INSERT INTO sqlite_sequence VALUES('directions_subjects',3);
INSERT INTO sqlite_sequence VALUES('course_directions',1);
CREATE UNIQUE INDEX "auth_group_permissions_group_id_permission_id_0cd325b0_uniq" ON "auth_group_permissions" ("group_id", "permission_id");
CREATE INDEX "auth_group_permissions_group_id_b120cbf9" ON "auth_group_permissions" ("group_id");
CREATE INDEX "auth_group_permissions_permission_id_84c5c92e" ON "auth_group_permissions" ("permission_id");
CREATE UNIQUE INDEX "auth_user_groups_user_id_group_id_94350c0c_uniq" ON "auth_user_groups" ("user_id", "group_id");
CREATE INDEX "auth_user_groups_user_id_6a12ed8b" ON "auth_user_groups" ("user_id");
CREATE INDEX "auth_user_groups_group_id_97559544" ON "auth_user_groups" ("group_id");
CREATE UNIQUE INDEX "auth_user_user_permissions_user_id_permission_id_14a6b632_uniq" ON "auth_user_user_permissions" ("user_id", "permission_id");
CREATE INDEX "auth_user_user_permissions_user_id_a95ead1b" ON "auth_user_user_permissions" ("user_id");
CREATE INDEX "auth_user_user_permissions_permission_id_1fbb5f2c" ON "auth_user_user_permissions" ("permission_id");
CREATE INDEX "django_admin_log_content_type_id_c4bce8eb" ON "django_admin_log" ("content_type_id");
CREATE INDEX "django_admin_log_user_id_c564eba6" ON "django_admin_log" ("user_id");
CREATE UNIQUE INDEX "django_content_type_app_label_model_76bd3d3b_uniq" ON "django_content_type" ("app_label", "model");
CREATE UNIQUE INDEX "auth_permission_content_type_id_codename_01ab375a_uniq" ON "auth_permission" ("content_type_id", "codename");
CREATE INDEX "auth_permission_content_type_id_2f476e4b" ON "auth_permission" ("content_type_id");
CREATE INDEX "django_session_expire_date_a5c62663" ON "django_session" ("expire_date");
CREATE INDEX "users_studentprofile_platoon_id_d38d6bdc" ON "students" ("platoon_id");
CREATE INDEX "subject_classes_platoon_id_b28407f8" ON "subject_classes" ("platoon_id");
CREATE INDEX "subject_classes_subject_id_e0b29aa2" ON "subject_classes" ("subject_id");
CREATE INDEX "subjects_teacher_id_d00e4d8e" ON "subjects" ("teacher_id");
CREATE INDEX "journal_ceils_subject_class_id_47183a95" ON "journal_ceils" ("subject_class_id");
CREATE INDEX "journal_ceils_student_id_41645823" ON "journal_ceils" ("student_id");
CREATE UNIQUE INDEX "directions_subjects_course_direction_id_subject_id_217ff570_uniq" ON "directions_subjects" ("course_direction_id", "subject_id");
CREATE INDEX "directions_subjects_course_direction_id_09b11947" ON "directions_subjects" ("course_direction_id");
CREATE INDEX "directions_subjects_subject_id_05b3cf82" ON "directions_subjects" ("subject_id");
CREATE INDEX "platoons_course_id_277fc4e7" ON "platoons" ("course_id");
COMMIT;
